{"cameraMode":{"drawMode":0,"name":"Shaded","section":"Shading Mode"},"sceneLighting":true,"audioPlay":false,"sceneViewState":{"m_AlwaysRefresh":false,"showFog":true,"showSkybox":true,"showFlares":true,"showImageEffects":true,"showParticleSystems":true,"showVisualEffectGraphs":true,"m_FxEnabled":true},"in2DMode":false,"pivot":{"x":-6.52250337600708,"y":16.809494018554689,"z":-57.42397689819336},"rotation":{"x":-0.02249808982014656,"y":0.0014996202662587166,"z":0.00003374716470716521,"w":0.9997460246086121},"size":1.3882044553756714,"orthographic":false}